x,y,label
-0.8343276565069127,0.5255195407489531,red
-0.9026464388352619,0.14727712014682526,red
1.0570202497380539,0.04369571803164554,red
-1.0076708456781065,0.04880170949543249,red
-0.5254810565872147,0.8162334153003794,red
0.28829813266851456,0.897315132109839,red
-0.0252623723896205,1.0008972970882353,red
0.21376646345806932,1.043890793859884,red
0.6180561576930673,0.6096323115380575,red
-0.8613659836093668,0.2420354060689122,red
0.8992618738154605,0.22752461559916554,red
0.07324249332473924,0.9049413449870908,red
-0.8134022573181398,0.38127290683409065,red
0.29037502619179345,0.9573069868087614,red
0.6503215638055583,0.7558105137579618,red
0.28849117437433286,0.9295200206560414,red
-0.9964547338906161,0.18665667870289407,red
-0.3519262448396799,0.9298186075123626,red
0.8444816859177021,0.42770206512328635,red
-0.713338530431212,0.6565472429462443,red
1.0132128471528885,0.05770871502405404,red
0.7581417783717135,0.5117174567874758,red
-0.3481061211006508,0.9593093553951704,red
0.762781507657474,0.20558300410245758,red
0.9917848121685785,0.10714557268508243,red
-0.38888980291849234,0.9452366746615719,red
-0.9314729117575961,0.03727942301060179,red
0.9947881999306072,0.40586579031764725,red
-1.0800348623961884,0.0038875877350898354,red
-0.007536370025774988,1.0145779773179142,red
-0.9326641054295626,0.6079540921687243,red
-0.3158901426929319,0.889450870884274,red
0.36889474420785606,0.995427338663798,red
1.0118355485762909,0.4284688436656409,red
-0.3803356874983436,0.8377575884784739,red
-0.9958351541346188,0.13817153742912733,red
0.5244292161051272,0.7271104787174341,red
0.17420528478246614,1.0440216003766052,red
0.09211123376168873,1.1128540737139934,red
0.9034751107546537,0.32958102879340184,red
0.9956558099595306,0.06257112984926685,red
-0.9234666425800199,0.2772672606082641,red
-0.7251290126756976,0.9238782060231959,red
-0.9356494642508117,0.03745227754199432,red
-0.9022690271899864,0.2495421681626052,red
-1.0027518461182028,0.27219551835569994,red
0.8516360998738078,0.5121908284371812,red
-0.14237020684482066,1.1671851747469892,red
0.350961155921617,1.0836013897118268,red
-0.43170122361190366,0.9496275261097559,red
-0.8809527469464808,0.5988199018304771,red
-1.0506967333219868,0.031963635551143385,red
1.0424628388476838,0.25489566646849765,red
-0.6716351868967505,0.7896704184430166,red
-0.7020890136133567,0.6089352503600021,red
-0.7550204850108844,0.5639682025155508,red
0.7292600169628455,0.7802074319183673,red
0.8692857656064014,0.4187612320763987,red
0.4156958697452133,1.0118815607593685,red
0.2760596535964036,1.0139412100845675,red
-0.7431352791862937,0.5371387883523681,red
-0.9195184026355667,0.016234728548464798,red
-0.8325281409888862,0.3638879418202576,red
0.7479944387794578,0.7439176833800002,red
0.2291475565748358,1.056919011960443,red
-0.8286699240328006,0.5094364979667858,red
0.25540235693239816,0.966501444796901,red
0.950469856072058,0.3767211768026075,red
0.06181370816415646,1.0594862747999594,red
-0.6485689674419332,0.7287516069671715,red
-0.8166314340334156,0.6282955655181152,red
-0.7300785380241176,0.6758460140704544,red
0.7007282345221139,0.5500412856200642,red
-0.12583628557256885,1.088517106833329,red
0.9197830394250386,0.44580794916511374,red
0.9363739927197213,0.3109146136703521,red
-0.8467741974028423,0.42398443839636585,red
0.6384998910845024,0.7040147927787693,red
-0.5709417499905516,0.6941311805890066,red
-0.6512575035662912,0.6517248009433175,red
0.730052889967932,0.5831351897513952,red
0.9526287695674948,0.12754156382920262,red
0.5386869611544354,0.9505136313180975,red
-0.01879479215077761,1.0415835170776266,red
0.3950870041922722,0.8481388451749821,red
0.5091442864836712,0.7280725268533631,red
0.9323431496236689,0.08012999520382386,red
-0.25427577189295625,1.0714233895945655,red
0.08937084984403625,1.0426460097502193,red
-0.9383099132358359,0.30737443620457683,red
0.9110999592417864,0.40928749419692567,red
-0.008187229267830916,1.0801313713495813,red
-0.08525758627865283,0.9947943934943055,red
-0.026371710932522944,1.1582947447991356,red
0.9801990248422537,0.2252288700903477,red
0.8033391284394434,0.47797941993944404,red
0.8520333684354296,0.10573739057336819,red
0.8165511565713347,0.6293269131182823,red
0.06908965993663174,0.9828985394687807,red
-0.6732727301219273,0.6479078204030013,red
0.4727104199374428,0.9358055433864716,red
0.5102553637302916,0.8819343717871656,red
0.14719835795694444,0.9565753306284369,red
-0.31987538674997157,0.9700284103465647,red
-0.5055492013933167,0.8516379920049627,red
0.4333941309075949,0.9724963672526257,red
0.7271695864108497,0.6956549411815194,red
-0.06372033822288323,0.9711521160321931,red
-0.46934702623310404,0.9806749465454493,red
0.5916641565079075,0.7112805559797322,red
0.8886546590741938,0.15135157186715748,red
-0.8386193807517709,0.46336846615725186,red
-0.8284852487720182,0.281713817325392,red
-0.5331793032492343,0.7156601051593928,red
-0.7696986172070409,0.6118998150054255,red
-1.0041673852718451,0.004101283082437988,red
0.7978219393904508,0.5717184114815428,red
0.8382419246313876,0.607533919802676,red
-0.3971756358363512,0.8819572857280277,red
-0.8665053682738367,0.032829705465848125,red
-0.25252787570124735,1.0215246623482712,red
-0.9751910758117296,0.19345601744309193,red
-1.0379806977962394,0.15026322302211723,red
-0.9247118547216728,0.4841472128103197,red
-0.2156155539479219,1.0539330557248134,red
-0.5659362507579268,0.7479918948923291,red
-0.47370563312138325,0.7849830732204444,red
0.02171023092408467,0.9934514371287085,red
0.8923894555553383,0.42755738732933274,red
1.0653074324969414,0.21784881280371396,red
1.0349596819549196,0.04142994128345858,red
-0.17324973782405095,0.9954032421120073,red
0.3032332306981588,0.8632805586835846,red
0.9020988813526661,0.2997957510803617,red
-0.6118476404632878,0.6421253782928106,red
-0.3553074822248366,0.873248113550168,red
0.11968449746469928,1.0057374464499362,red
-1.0188268306997388,0.16178990596811937,red
0.26535668723087874,1.0106826908452917,red
-0.019520868759047183,1.0533785646112528,red
-0.9678413410089884,0.3803032303084633,red
-0.9290018111468671,0.23372425444856218,red
-0.24443282732176094,0.9144518995376301,red
-0.046715942759017755,1.0900098324223622,red
0.8304960079953245,0.5064112410542317,red
0.9731095417943946,0.07316165151247131,red
-0.8626112944896789,0.489492932001927,red
0.43496826837550934,0.7829063313829749,red
-0.9454282499133616,0.2841068413403528,red
-0.027781449311564385,0.8901260668624813,red
0.6923596923945008,0.7814449719694315,red
0.9346937148436766,0.25576141844419553,red
0.13131761779530376,0.9502001352648705,red
-0.864955088732769,0.0367406743041685,red
-0.6677311822493078,0.7743181875373093,red
0.052108089764195224,1.1663830892653162,red
0.9289775576013933,0.2420006139700587,red
0.07604140058817094,0.9937164283117843,red
0.9501353066186619,0.5749113356380501,red
0.0351759947287669,1.165365192939877,red
0.796472508116498,0.4511545150021645,red
1.0797573929269444,0.10422964402276912,red
-0.7952986471547799,0.12922544552248638,red
-0.5267905471331715,0.5887204085566713,red
-0.832246598607637,0.26956083163871764,red
0.6774969739714237,0.6998244874874539,red
-0.05640577904935087,0.8583533566081963,red
0.25881564801561907,1.0605808228005058,red
0.5921019538701162,0.8094983645948469,red
-0.06963449177841137,1.0410213169051976,red
-0.973614437327774,0.06443324006176568,red
0.34539801844624585,0.8941279878950636,red
0.6270456820677752,0.7714286534431699,red
1.1300656105925662,0.11944520825429061,red
1.0087629828688083,0.10263244851846176,red
0.00011708557528670679,1.0113284772649571,red
-0.31715321977844335,0.8703461426984143,red
-0.7881538301287297,0.49322663595228267,red
0.473840434348769,0.8263464290021373,red
-0.5046322970030126,0.9128785713150613,red
1.0226589354871152,0.016773386079616457,red
0.8520769546018572,0.12820236664147655,red
-0.8859411775295878,0.5279929300557622,red
0.8856514904495595,0.5646891028895366,red
-0.7169989380577663,0.7550820364823844,red
-0.875329399621012,0.561440149901322,red
-1.0374032891232978,0.09435771593476798,red
0.8346198823450932,0.5962035811532916,red
-0.7836078290351459,0.45584688423539643,red
0.7896492471515099,0.718699259782224,red
0.937288532699524,0.6140879522136629,red
-0.406501465092129,1.0098838615669674,red
0.9130622668957619,0.4528512802046396,red
-0.5173349150643044,0.8497381120199614,red
-0.7426507492765089,0.6021222747383516,red
-0.799383372049915,0.3403239244497712,red
0.9934925254790911,0.39104723258539587,red
0.8460074747574143,0.295780252179246,red
-0.17226021705362166,0.9595456490305238,red
-0.49263427496391754,0.8395061860699787,red
-0.7502299030908303,0.7878922717348883,red
0.9544000102915208,0.42929802795810446,red
-0.5521153476352876,0.7816544582895498,red
-0.185897840831665,0.9744907166692401,red
0.7159720741818413,0.6771078537313989,red
0.7419686577978404,0.733982887583736,red
-0.9258340556769938,0.07968769000741295,red
-0.7995346052144489,0.6343392639757005,red
0.7013052182780933,0.6927875428083093,red
1.0682917113833654,0.4808563944752582,red
-0.6778148088425766,0.6580966864036014,red
0.6282332516636379,0.8854666266075303,red
0.9701585344142076,0.02094050384014446,red
-0.4284555319756482,0.8965621429990961,red
-0.04099107527682879,1.094198260075231,red
0.8240513341642418,0.631993718686575,red
-0.9597526755615238,0.2522901013290998,red
-0.6864335757153972,0.6929740978552037,red
0.8591621468554972,0.6829358725864305,red
-0.9749990736494487,0.017346271064035534,red
0.4634492558436553,0.8578388930402667,red
0.6650803514822535,0.6819225873400506,red
1.0716772839079614,0.34782522182605313,red
-0.421123484584965,0.8090911662513997,red
-0.3066045137017609,0.9730188266394808,red
0.18192515955845756,1.0072331833032746,red
0.160112241878837,0.9021036719607399,red
-0.08589060418421134,0.9773418189846207,red
0.9429042715599928,0.24416533138722457,red
0.09871787150655627,0.9526749276711545,red
-0.9697000488738046,0.27326529879433736,red
-0.8898169218940862,0.5026298044879004,red
-0.44250274995727934,0.8743127191001583,red
-1.1086020003460777,0.26815247710829826,red
-0.9512483418790507,0.07247978929010583,red
-0.6248443517736191,0.8039633432127631,red
0.9459454277237183,0.34985206609330616,red
1.0294630995228795,0.16569299475521093,red
-0.8040371410641717,0.6193334383314861,red
-0.22934248006737085,0.9131303198219012,red
-0.2645634510758465,1.0116667379017223,red
-0.14681874621321797,0.9907088366518635,red
1.0590660533691485,0.14379056065792215,red
1.016397492283471,0.2829328612126215,red
0.7888573398303677,0.6812492838296413,red
-0.36097865628407705,1.0024747012613124,red
-0.17301989258514727,0.9449099122218892,red
1.0064508158956278,0.021726157875380066,red
0.34451248443702925,1.0214791292175933,red
0.9102272545962632,0.45290212921191964,red
0.4136428005298371,0.8511408156859575,red
0.019126820881342814,0.9273412116833757,red
0.16314441877381283,1.0415765823447216,red
-0.7917894729782159,0.5454172300810177,red
0.962611162075322,0.2576661223008947,red
0.8536869376578856,0.6917352768024327,red
0.004121332990909676,0.9412516188547226,red
-0.7588034363968774,0.7726925347876025,red
-0.8627884470204746,0.34711879370285625,red
0.042071916677803335,1.0831392917770581,red
-0.9799027319217026,0.2529453226893744,red
-0.25354327508570096,0.8431737980385374,red
-0.796765986282813,0.4494932223228935,red
0.3979374921221612,0.8514681557846361,red
0.5844474118989293,0.8229577232044915,red
-0.7679949301511763,0.7576456047819424,red
-0.14726305862363143,1.0166461496431234,red
-0.17990785953690766,0.9223688468612405,red
-0.8544590653736381,0.6946674036387331,red
-0.48968929452833104,0.8669639905096117,red
0.689612633974596,0.6328455238499197,red
0.9030771490280888,0.4102711776646774,red
0.999537644399869,0.048341079103826574,red
-0.6170829948603417,0.7094242758994198,red
-0.19144011253722876,1.0492932235058248,red
0.408057482633005,0.88513677664796,red
0.8777987108953306,0.3416795096947303,red
0.8571979682992796,0.5937236147406083,red
-0.44511750679474277,0.9263354818405685,red
0.9386864838829404,0.48180356440387745,red
-0.15887542514487393,1.0414640496443046,red
0.1992250326693852,0.9327220677440426,red
-0.5376364279906858,0.8335796115624439,red
-0.7197889545602095,0.43808930629987225,red
-0.9683884199638048,0.2851507714609247,red
-1.0026274001853321,0.16925411780800909,red
0.11914386580591398,0.9786187207062792,red
-0.5489103012871993,0.7543006431371143,red
-0.46703072276064755,0.9670949297637749,red
-0.06078075367749459,0.9132673017867978,red
-0.299095588090688,1.0639376628162245,red
-0.6630995344506817,0.5990547799452218,red
-0.8840069090861639,0.426297555317347,red
0.6363189701286465,0.5489893425335651,red
0.9175709588093539,0.2343895205974747,red
0.7918778692601475,0.6379440444603036,red
-0.8182742718452461,0.6123140993185341,red
-0.19375346889320055,0.9638336319329965,red
-0.4214576517515078,0.8678313522532292,red
-0.8389858382762599,0.8085977963375137,red
0.7975851231747455,0.5935555733199691,red
-0.6483479779766942,1.007867981308573,red
0.9609814205254147,0.5501650201469059,red
-0.15742487010620307,0.9400593812544769,red
0.8896320427501188,0.37638457987559704,red
0.8052109410852346,0.768677993373442,red
-0.2710636656250737,0.8609557023727602,red
-1.0850007798637418,0.16917315000657648,red
0.3635370710421541,0.9230836584510097,red
-0.3481518584656928,0.7493077312231611,red
-0.8208636157886652,0.4169762009561744,red
0.5861850263896091,0.7893980954919941,red
-0.8800705556355993,0.3931397800987508,red
-0.521309794341786,0.7937647790212026,red
0.680328491328058,0.5835176063927063,red
0.09950236111187616,0.9925523146534679,red
-0.9033502630625894,0.6396085611427236,red
0.10144639611441172,1.1005340795842669,red
-0.6517296650449761,0.866838334256886,red
0.6653382306634935,0.729842943608553,red
0.7619988124624587,0.772538619645287,red
-0.704701229168764,0.5429122601760212,red
0.18832476040165683,1.0258883158879808,red
-0.6008970208594719,0.935055967399862,red
-1.0511296753169528,0.042027484974885544,red
-0.8861844945704558,0.022549063315746423,red
0.05224854928897437,0.9358965374249648,red
-0.18947113610723698,0.9354193890077176,red
0.5196039956079256,0.7645052840240601,red
-0.2789066324768441,0.9362756979244323,red
-0.8622994054395082,0.4923192887088701,red
0.8602596349580279,0.4774005485849267,red
0.9145476289042513,0.20280114811464642,red
0.24924258832449986,1.0482289108446057,red
-0.006657726252008573,0.9871398905008016,red
0.8966080200378478,0.08007324938277052,red
0.41013713634742727,0.877554317140699,red
0.8647142506785074,0.4186585567347429,red
-0.8697341585771796,0.06755204057624249,red
-0.34757328671956605,0.9088734668359355,red
-0.46129928149679456,0.9873357156172801,red
0.9816440006972558,0.03303467020378476,red
0.9700671508846276,0.1815542315371952,red
0.5015489629300715,0.9092419710397994,red
0.8675233460634659,0.4068826846619141,red
0.8859915033638285,0.2606087094110695,red
0.5979095611432181,0.8619635796387197,red
-0.9847905165891745,0.16498621441951333,red
-0.8609472131219948,0.18190956479000828,red
-0.23461096602895348,1.0014769796814684,red
0.05176244633020776,1.020806846068042,red
0.35217019452031406,0.803703862929739,red
-0.8318509643438542,0.03330174357208556,red
0.7329163080230546,0.6094598443166632,red
0.5984341280688761,1.0145565012665163,red
-0.5011235066883435,1.0530643530364094,red
-0.7472979153906565,0.8152187282369773,red
0.9467057198446744,0.027355639356114896,red
0.6985894580177876,0.6316731400686505,red
0.7988349419164699,0.43384754024069494,red
0.8758988035227657,0.25915705410091006,red
-0.7393363453096392,0.7362108141382117,red
-0.4489048004275038,1.0276923829246156,red
-0.5022001334806624,0.8442676454955363,red
0.6869901882147542,0.6729067037171454,red
-0.9351940257697987,0.01324174913514351,red
-0.9718263559700271,0.15934750713584597,red
0.2019820363169426,0.9176882459840633,red
0.7870336939763795,0.43931019743463334,red
0.7291229040857446,0.7027015980010234,red
-0.10350791076302406,0.9379643106981788,red
-0.6431850562141119,0.7169945304191302,red
0.9725435063557493,0.2370116188917195,red
-0.7643372219374057,0.3833142030260565,red
0.6758567461708641,0.5832772433089447,red
-0.906087518144952,0.44433897014662865,red
-0.1794517711331257,0.9008390853530412,red
-0.10163413254729754,0.9982151935687603,red
0.7692406351363024,0.5551014574101241,red
-0.30290295579153864,0.9735080605712728,red
0.037189362943513306,0.887160364489129,red
-0.26461842463212654,0.9039768651794038,red
-1.085353020843055,0.2432371536209545,red
0.8291187781105213,0.6040113790908276,red
-0.8065998748695439,0.6952702615608637,red
-0.2940550249087044,0.9564234736081586,red
-0.9100441148644475,0.04169182155592695,red
0.5836354016216422,0.747309969391491,red
-0.8903613560996222,0.34299426532095395,red
0.758331570404003,0.579458034597367,red
-0.5572780690664504,0.93865511107986,red
-0.5066793104560903,0.8435929894664823,red
0.1028971658906587,0.8966420206135194,red
0.2726613748611802,0.9124028007451626,red
-1.0221904479307242,0.11224153836433655,red
-0.5910433896308498,0.670539749130578,red
-0.7870269961349563,0.7339513134986072,red
-0.8339425188246833,0.7199989391256479,red
0.5707857269846334,0.7479237427702874,red
0.8927110007103077,0.5272575728190844,red
0.9197370069364534,0.539193164931506,red
-0.3075037297946101,0.875996389838074,red
0.150124176052747,0.958771910215337,red
0.498695240618694,0.8443607641441818,red
0.8937905402037037,0.5035718235221301,red
0.7991252914096827,0.7587381059623043,red
0.5626806435633964,0.8038298646738439,red
-0.3761019534582723,0.8095624505853526,red
-0.35623927393738397,0.7996995450775062,red
-0.5796317027458049,0.7467508529621155,red
-0.6835322878552391,0.7008485139999798,red
-0.7000930391950009,0.8257813171971197,red
0.8613383296734491,0.1655392702961875,red
-0.41961356321716015,0.892132764966627,red
-1.0466306439711517,0.3457822354302847,red
-1.025915800826034,0.029272414063253028,red
0.9089737673949899,0.07154102908553994,red
0.2792950007309277,0.9710215414698014,red
0.6793466439695738,0.7261838776953149,red
0.8801782089745102,0.6343458815424742,red
-0.5469711716416731,0.8943088970467937,red
0.3357748955316615,0.9593590145495181,red
-0.852531453676818,0.5885321523985623,red
-0.5278640861258714,0.8486549573974795,red
0.4481650652029862,0.8294649669072617,red
0.9175410419776522,0.5040550199197893,red
0.9043602023996983,0.28810388077871063,red
0.5022686058089604,0.8894402171095722,red
0.2988598565706392,1.0015221685303042,red
0.8703322636948969,0.2603552701625846,red
0.04991207366559337,0.9791321135987597,red
-0.9055715159477297,0.6331892099980859,red
0.6996191576569464,0.8351016666347199,red
0.9959476454785161,0.24700134086042239,red
-0.9461968266267778,0.2675097192599194,red
0.5430058840142292,0.8119683075270714,red
0.47318173776055517,0.8225157690155545,red
0.9442993060412048,0.30001490797721286,red
-0.36420845159413745,1.0232419947559785,red
-0.579044468750361,0.7551740695228918,red
0.623910199124417,0.6576324226813923,red
0.4229820054438127,0.9764130810150906,red
-0.9607725080278082,0.13308990540631516,red
-0.20205949767849124,0.9042045580468202,red
-0.8116139141980391,0.5803215417557535,red
0.4210230051699573,0.8761452634700728,red
0.5311378695998523,0.8461822470897571,red
0.9239093977126503,0.4544827731932631,red
0.7832769608687201,0.6534861022287501,red
0.07562580509697124,1.0237736785943081,red
0.65971436293207,0.7569095757647806,red
0.4972655243238692,0.713591779026036,red
-0.21370883674788307,0.9769438003890298,red
-0.6357130520011409,0.6424492684837013,red
-0.9436498129326881,0.004331413605296989,red
0.919067923186739,0.218582742896502,red
0.352725427727726,0.9720567696201248,red
0.36364392841911247,0.7891071200589431,red
0.670898986488047,0.7144710865481603,red
0.9225187380499932,0.35181561994974625,red
0.7968912088991913,0.6809423353297263,red
0.5902342468343011,0.8083107299072837,red
-0.057909985825737066,1.0304953270949517,red
0.9969121730618963,0.10052166038155096,red
-0.004079502694903517,1.1136439000938776,red
-0.9498648721374565,0.1621211316393323,red
-0.9197037187146319,0.7023210842284995,red
-0.42107540877115784,0.857384138054819,red
-0.01232504513126902,1.0486903544463648,red
0.24072847194071517,1.0744252523136997,red
0.6311773023505699,0.7513986313449738,red
-0.30883465519635084,0.9399306265040078,red
0.06703065100013067,0.8978893848129915,red
-0.956581002393287,0.7409809618743616,red
0.5384340579510902,0.8191328830891751,red
0.7869049760371818,0.7613602487021438,red
-0.6921283462571562,0.6451312364079681,red
-0.1357391019160597,0.8877071303652043,red
-0.7140959240414888,0.6294111116953345,red
-0.8498946821363328,0.5444178626438647,red
-0.2372981246339535,0.9767745463931852,red
0.010028510543098076,0.950971931177988,red
-0.9612594542762132,0.08988530967602423,red
-0.8882390725533028,0.47503419701910954,red
-0.5257429321549822,0.7819995029051294,red
-0.2032064862775883,0.9429094001262149,red
0.8280811796503812,0.4047191096418083,red
1.0525053802135966,0.030872799871033408,red
-0.6676895130408143,0.6119524849478678,red
0.8334923441325134,0.5089049355534735,red
-0.18030904008191698,1.0197924559457257,red
-0.3473083489060328,0.9813277838302548,red
-0.4920193889091524,0.7760145764580075,red
-0.06350218976201898,1.0515797787204886,red
-0.8215829765429615,0.6241423277477721,red
0.35501849634388655,0.9836007024883219,red
0.9527302320519079,0.27396847387982376,red
-0.9465934461400172,0.40797118362083656,red
0.983952741207342,0.34159622022730574,red
-0.20216716015361647,1.1557501876536107,red
0.6045282396348624,-0.42820795434560044,blue
1.528458847374801,-0.5055153048675889,blue
1.7793632185658814,-0.022381535816979437,blue
1.9802031851707325,0.3072241239210183,blue
1.9012182258517139,0.11710463324506404,blue
0.3333942537610861,-0.1189606400909089,blue
0.12668163375246,-0.1170846628472536,blue
0.2984269435094541,-0.2413016278687765,blue
2.043137967075795,0.41304394868151295,blue
2.044004085820201,0.4419660647777089,blue
1.8808276716248327,0.4617480100844091,blue
1.6176081515133371,-0.3904158466427712,blue
0.7781346558559112,-0.42115834075675274,blue
1.918846418763357,-0.045242734098678405,blue
1.8340432025148363,0.1298068958835602,blue
0.3869373143971365,-0.32219762715309563,blue
0.41075268821402444,-0.2529707387365904,blue
2.0146286797953485,0.44814582081122,blue
1.3150780477821025,-0.43771926091262536,blue
2.0203260835781403,0.4932496385845012,blue
1.412076521886329,-0.393874139432036,blue
1.9663869007868153,0.4788317274998374,blue
1.0711779518125746,-0.5853660921924837,blue
1.9072450765639883,-0.09994631016402089,blue
1.0050474140367232,-0.6332943979917611,blue
1.9662938955652898,0.22829975005373787,blue
0.5350453582325503,-0.3792453384595583,blue
1.0873246512902832,-0.5038309816790445,blue
0.19343473666308897,-0.010924151321080378,blue
1.7527160647121032,-0.02259297564757279,blue
0.48005657466024754,-0.3130106155693635,blue
0.04899846504264249,0.4716756493982929,blue
0.1809099201685579,-0.14450327306616073,blue
2.010743884356775,0.18802481683834843,blue
0.8159655884280469,-0.3463612714972052,blue
0.12699612946397343,0.13160499369518402,blue
1.3579533384878069,-0.46636566909068367,blue
1.9953917855132872,0.3104878241627621,blue
1.666278554387469,-0.23044761334779895,blue
1.4188874352652006,-0.393302178909432,blue
1.3754497750335117,-0.45590149424135906,blue
1.0251999080188436,-0.5308027548377361,blue
0.7765205086985366,-0.38399157755610347,blue
0.43039418885613323,-0.1681050920915702,blue
1.1354868091964367,-0.48786087405140854,blue
-0.01075758887106959,0.20072416290222234,blue
0.030507683659242613,0.43003203098875736,blue
1.3429433567555658,-0.6032657506389438,blue
0.47839387437109904,-0.42369542382851666,blue
1.7817797520958256,-0.07451861444615193,blue
1.6647436523133061,-0.07936021974936547,blue
1.9567807427009596,0.05759791342933446,blue
0.9567706955946277,-0.44321819114869176,blue
1.860262363104897,0.0681726423829419,blue
1.4572882839394903,-0.3314964040063816,blue
1.8866981733608466,0.280319372488903,blue
0.8957506440955066,-0.45977503069973513,blue
1.5004000415300642,-0.32463582367562505,blue
0.33144117163184816,-0.16512545524656097,blue
1.7841789673511883,-0.04937479979032644,blue
1.7543311502710925,-0.3368952904909476,blue
1.4552001197502378,-0.44811653444269495,blue
0.11349093118492348,0.05741229749590859,blue
0.904382353452791,-0.37570604625988624,blue
2.0363554892187854,0.44160388595035094,blue
2.128054355089147,0.47155123422633294,blue
2.1095677621928735,0.3394003626122715,blue
1.9808327567690727,0.3612730633980657,blue
1.5692320521408167,-0.3515171894956459,blue
1.409849239243079,-0.3264995777901818,blue
1.9424623696602175,0.11372820379099424,blue
0.8619927429398955,-0.5389307789096212,blue
0.4413069491022028,-0.3717533822384378,blue
1.9974721140802791,0.0800000466947719,blue
0.0011611684225321106,0.18890605531258065,blue
0.7161246601302573,-0.3389711196678553,blue
1.878732412344052,0.08165196973162081,blue
1.8764566454585019,-0.11321248458804456,blue
0.7095354013634037,-0.33681010479061513,blue
0.7549412178018995,-0.4744593945999803,blue
0.6660072036092706,-0.4109430563709179,blue
1.663657556719731,-0.1274982098918992,blue
0.365220558290524,-0.35620958292414473,blue
0.9985344130206238,-0.4450659324459031,blue
0.2511438781086217,-0.3704696682680385,blue
1.8255692946547133,-0.037266571992258024,blue
2.0718837814631144,0.41508860059493957,blue
-0.07447760227154121,0.19309655806702564,blue
0.8362317013712436,-0.5098463513128124,blue
1.4235732009321196,-0.4123627430320097,blue
0.4701999561096115,-0.41090798299443676,blue
0.15303459739983072,-0.22657420901221836,blue
0.0049285297888590485,0.2634281337906601,blue
0.9555015595505478,-0.4499561811833911,blue
0.5392449906363574,-0.2721465842673425,blue
-0.020883865288185532,0.41826664561073823,blue
1.128824458588733,-0.4204977939093004,blue
1.4702817346509878,-0.45532046335669296,blue
2.078598232286084,0.3546457622600348,blue
0.8558051787923031,-0.5307900169321316,blue
0.5818695159116747,-0.4039264599468486,blue
0.0882348316332231,-0.006948756008544499,blue
1.6702797882224922,-0.24477555539433382,blue
0.01845767431237688,0.4810581604575108,blue
1.9449860738762763,0.2838064317167022,blue
0.2673408347514056,-0.19254758301537012,blue
0.07547859848899019,0.11541186618077098,blue
1.209221133135555,-0.5668234583365714,blue
1.3498814337850848,-0.4796070205513028,blue
1.344530056640697,-0.33947654536429994,blue
0.22483996778433868,-0.18597435073797264,blue
1.8537744078663767,-0.033619820914212784,blue
0.002645710231277576,0.28584701943427254,blue
1.981948202539781,0.456089312832478,blue
0.9279830023397303,-0.5002374066082567,blue
0.1854118618243613,-0.2622035779774754,blue
1.3075008831825348,-0.424905868923827,blue
0.6969266821159328,-0.406417457042925,blue
0.0892582041718123,0.2252267664491841,blue
0.31220845310971146,-0.11939641968988068,blue
1.6238607224845836,-0.3351040183066699,blue
1.878174669068844,-0.13297282579976977,blue
0.9164895520299535,-0.45499637570058815,blue
1.1285906719496346,-0.5293714938475282,blue
0.8152536130334636,-0.5567395183197981,blue
0.12210473582799819,-0.01147669218711278,blue
0.793558293419921,-0.4799414413487315,blue
0.8010389495950014,-0.4331410330937442,blue
1.7184153640899822,-0.2570215939835976,blue
0.03569529010635808,0.30658578108659934,blue
0.26558500087756476,-0.23942802317217027,blue
1.210777335238568,-0.44088374366768956,blue
0.2085215673076225,-0.14780472937045164,blue
0.8095023969298085,-0.5593213605171727,blue
0.9784625865736087,-0.5336445552617513,blue
0.16067238766767034,0.04342547610934683,blue
0.4887286938731429,-0.2688820945140201,blue
1.2819135969341562,-0.46465195825618555,blue
1.8223823727260149,-0.2263107922402725,blue
0.9121278529732498,-0.5517560404502901,blue
-0.13748587855776107,0.45279291071238936,blue
1.6112601176568624,-0.5231807726698803,blue
0.5855890648595377,-0.4024226990635139,blue
0.8563734633597142,-0.5345268532611347,blue
1.960476966122111,0.22245803439360418,blue
0.7647965694525084,-0.4327678922592605,blue
1.9933725920568095,0.22412018226863029,blue
0.3308510296206345,-0.2669947555908664,blue
1.5669959533793665,-0.31971438020153164,blue
0.7984438687380595,-0.4543630185359213,blue
1.9914332856854093,0.30955307529203413,blue
1.6670689546819624,-0.2102437223770044,blue
0.30974962248128446,-0.21029302851804754,blue
0.8748515786703323,-0.4142697320450619,blue
1.91263189691708,0.26148608023348574,blue
1.4771251102962144,-0.3358167651528403,blue
1.9225130154108834,0.0789097562333711,blue
0.4560111486790738,-0.345852963047528,blue
1.7018898779009852,-0.15300745158993434,blue
0.12239278938491283,0.0987223808914921,blue
1.9083056945446528,0.04772532624445108,blue
1.1403621661116259,-0.45636256005992226,blue
0.08047994518227142,0.34050067582268595,blue
0.3057691357586434,-0.2847832273352726,blue
0.9924374683582939,-0.4046302704086078,blue
1.046310556985653,-0.42608803066648915,blue
1.742801409762249,-0.28194604891147923,blue
1.1518438040253747,-0.40642395143475407,blue
1.8649021617448518,-0.18716583855961355,blue
1.76460305160884,-0.00973154692791589,blue
1.3081866153988926,-0.38011711268049964,blue
0.27847822168663816,-0.08109314131112966,blue
1.4257990994036926,-0.30236279347233974,blue
0.7873568637598931,-0.5770708038221581,blue
-0.05280656018526941,0.24135714644159634,blue
0.9335628354602292,-0.40016793495453695,blue
1.9183769765042429,-0.12392398191862208,blue
0.8165590555856315,-0.39579550685624143,blue
0.5062916597854887,-0.6019812549723158,blue
0.18937354807326112,-0.06805521304455375,blue
1.1680103038377987,-0.4432834131581067,blue
0.28226684144622693,-0.2458342157017377,blue
1.345873073127429,-0.37255842722404653,blue
0.09895146724556692,0.48204035646382964,blue
0.5917336174378345,-0.37950252930638706,blue
1.7326903286652007,-0.18915771281096727,blue
0.1546555596970438,0.4233799717598169,blue
0.10853759711344013,0.21008200012451117,blue
2.1316944458460627,0.3919089722667731,blue
0.0008452968652593595,0.4724241413786519,blue
1.6098971037586525,-0.06638427653885537,blue
0.5749523634293052,-0.40543858788795284,blue
0.3690297499471892,-0.3079977931120861,blue
1.6177909938619157,-0.2849319958426553,blue
1.935205498649954,0.011571269592131117,blue
0.8041863771560226,-0.46010794256538057,blue
-0.0712460937264332,0.4994467127277269,blue
1.9337762214416263,0.14442397862013606,blue
1.9588773881826598,0.18847553056464755,blue
1.2934223990312783,-0.4814115890929985,blue
0.2369451760194834,-0.21950561346444186,blue
2.0198466915825266,0.39744147720197787,blue
0.8100776428656884,-0.4287690803135564,blue
2.0671136987782166,0.18656028342791903,blue
0.31643525564675334,-0.15282298784434334,blue
1.904325566955672,0.24617668750715904,blue
1.6141479717620943,-0.1075388097624893,blue
0.8273251433077864,-0.4668877501150511,blue
0.0450070773247605,0.36040307456358955,blue
0.6336945112962926,-0.43560208598347905,blue
1.8547426652146637,0.10414835805050432,blue
1.5784982071312401,-0.45378572451975463,blue
0.43183315815452217,-0.27247622081816525,blue
1.2982275275984854,-0.41136034687895695,blue
1.9730533964454255,0.29216140820466086,blue
0.6710478996515363,-0.47206248861396494,blue
0.17791587323086966,-0.20760044499420838,blue
1.9185353063216488,0.019156203869163835,blue
1.1284794203901445,-0.5275460770422873,blue
1.2242017496433344,-0.48311815447134265,blue
1.916825257934371,0.28085420397730476,blue
0.7130626850142936,-0.4128042217126745,blue
1.5631183214126811,-0.12963712640290515,blue
1.8922456639437368,0.09935609545305335,blue
1.3135900835441514,-0.4966194472173552,blue
1.3208679034948987,-0.4279219434636471,blue
0.9821807366964392,-0.5301318945806011,blue
-0.08775762872996684,0.1831303613827705,blue
0.36931245452522266,-0.28559592000621303,blue
0.6252122682638344,-0.4703357375118322,blue
0.2948581502196087,-0.22052336012282459,blue
0.3839490310177711,-0.2136399420107491,blue
1.907133654720011,0.11599111090539926,blue
1.258094637427101,-0.3869577847482404,blue
2.0417824453641438,0.3076868470966266,blue
0.8423151205619979,-0.5533053407498061,blue
1.3937894785720641,-0.41214340746119427,blue
1.2507310315236218,-0.595550694281102,blue
1.9674593342796278,0.31939289779904645,blue
0.010747126033313181,0.11619991018993309,blue
0.45162470252851095,-0.3154421540986069,blue
1.7335945499283005,-0.22483013203655022,blue
1.6858710139966953,-0.08648272334826568,blue
0.09089289097212883,0.17530417335193638,blue
1.169914837034282,-0.49016754146977903,blue
0.24495023179710174,-0.24329069438946516,blue
1.8909186100514481,0.03860399117850988,blue
1.797009274740486,-0.25182061473196105,blue
1.1700113466979671,-0.459711033198417,blue
1.3630346594029474,-0.36186422191935874,blue
2.1007252916579073,0.2404484969274766,blue
0.10622925704356101,0.4904327320676291,blue
1.3797082812606782,-0.36925580186518303,blue
0.02690160351129145,0.2721472832794254,blue
1.9678330055655469,0.3496146973635563,blue
0.5671713435389549,-0.4112778175598406,blue
0.3099503253162903,-0.23324326246619775,blue
-0.15359699901466994,0.481785167822335,blue
0.01732122324529306,0.46554146826122,blue
2.0204742665887014,0.4016465698393071,blue
1.7688939325099757,-0.14508594388077667,blue
1.815367288969851,0.3454824559752684,blue
0.6865428167004225,-0.3606638146542249,blue
0.5163321588988652,-0.19302189935873293,blue
1.6215076690226624,-0.1805535680832865,blue
1.5456892327003304,-0.3212504389564449,blue
2.0462285025063283,0.34094343915997116,blue
0.14355060701544142,-0.17717515729347788,blue
1.251468449825595,-0.6467718067308175,blue
1.2745398881049752,-0.46565842111497424,blue
1.6163574026666163,-0.2874534986359403,blue
1.8917871828533372,0.40926749253877703,blue
1.8978931575783262,0.2671532168465117,blue
1.733483633381679,-0.2572793761486425,blue
0.5929976536936774,-0.5572589716596232,blue
0.5853628468989147,-0.5138868034216826,blue
1.501615198351469,-0.3122410753659176,blue
0.6383988515397493,-0.34241220668294314,blue
1.6091828395717167,-0.12185703226895717,blue
1.9703396632242405,0.2939626346790274,blue
1.3830456128633275,-0.567705728326179,blue
1.4562487643985251,-0.3465421166780497,blue
1.512859315346868,-0.30337284156101896,blue
1.3413513760417959,-0.4183666993959727,blue
1.0404285877080537,-0.4771724089605147,blue
1.821449928125125,-0.07553564696781967,blue
0.210237745667064,0.2757025144456072,blue
1.569061129580135,-0.23322721294366622,blue
0.1868743436688276,-0.028834747778874847,blue
1.8141864829773602,-0.10810618355420587,blue
1.3376848852833267,-0.3958553217195405,blue
0.7166902448220727,-0.47161913787734644,blue
0.7724101646323627,-0.4257904943380879,blue
0.19341087452421835,-0.1818771758680341,blue
0.5252238689724982,-0.4025682666379342,blue
0.1104822201698834,0.02007256525258827,blue
0.47925197436053124,-0.41675117419884666,blue
0.8774519156945586,-0.5311218192473057,blue
0.267863926987814,-0.11781898603860308,blue
0.05889176375738314,0.47785673137979234,blue
1.912941235020126,-0.09992611129120932,blue
1.9210362251154067,-0.16266696281917525,blue
2.0355934484167504,0.19108033334928387,blue
0.054801503406744057,-0.020217005033442814,blue
0.14959090752379234,0.1303754756217987,blue
0.24459260162652163,-0.1365624155686903,blue
0.04683521931452361,0.2775500537211768,blue
1.428074700727866,-0.3774678135023445,blue
1.4870348505683375,-0.307453355595954,blue
0.3136232790596617,-0.25925428898264546,blue
1.6249819514801027,-0.3115876083998921,blue
0.40758911934871755,-0.2242086354291858,blue
1.7112353650069263,-0.12647226259752653,blue
0.42521538181435525,-0.3347854911416839,blue
0.7992428298672833,-0.4769629644750849,blue
1.8911258445148653,0.14981872026323984,blue
1.7220346022081605,-0.17063490745140453,blue
0.18826080434649062,0.09364635691502321,blue
0.6097112092503123,-0.47079264988637515,blue
0.39326211600953354,-0.259413893881271,blue
0.8127040959131706,-0.4513579067167971,blue
0.2377511667286336,-0.19747890415687952,blue
-0.06410874352952023,0.3611167221728826,blue
1.9785611478845975,0.29349919879368347,blue
1.944253571288363,0.3503007554009444,blue
0.5153184932914501,-0.4065004878826445,blue
1.051296534175847,-0.5027288304008872,blue
1.3897670361782832,-0.4445636149240917,blue
0.1868152654162646,-0.17462412779071546,blue
1.834087700182938,-0.02883065182993716,blue
0.23394063056205316,-0.24917800763585574,blue
0.49299024569115313,-0.3146097057355379,blue
0.12996784387606697,0.11366364824842995,blue
0.058800890370154346,0.006647786997153127,blue
1.2930992000907167,-0.4883235133624083,blue
1.9853401997245381,0.41682750802727453,blue
0.027758818226730764,0.27084688455788825,blue
0.11462492393642465,0.08199374545503868,blue
0.808237636195094,-0.4671106414514019,blue
1.1968786172488484,-0.3922851933033503,blue
0.5546637660198952,-0.3343527688762613,blue
0.06388230275306317,0.18033935630042236,blue
1.8231565133913783,0.1610630167587403,blue
1.3032899911124673,-0.2928287376046643,blue
1.8397827657280137,0.21436915581409965,blue
1.3885044069594523,-0.5102370518555202,blue
0.7574175665065606,-0.6079519798266013,blue
0.9272762320420391,-0.5167811969776301,blue
1.270699356076213,-0.44976082848156895,blue
-0.04419230228752369,0.22328757207397765,blue
0.3988544188791635,-0.2005507000379616,blue
1.9393600829948614,0.09914269290414901,blue
2.0217495348885524,0.4958463446453033,blue
1.1308235441672332,-0.4733173879088294,blue
1.3925265213089562,-0.27638867816595547,blue
1.812747568324346,-0.20766185777268353,blue
1.937776846581834,0.295487209681656,blue
0.049693919694987376,0.4720152386157388,blue
1.5229410691058562,-0.2253079011998501,blue
1.1689452633574184,-0.5275348782816971,blue
0.10367836296228305,0.0013825973836903982,blue
2.006322685849415,0.24622315293868835,blue
1.5075281746825278,-0.3241063545075349,blue
0.6355313417382825,-0.40825694368438536,blue
0.052944814433795284,0.4140185277109625,blue
1.1179273469850544,-0.5096096353363757,blue
1.88882164640511,0.04417024239434125,blue
1.8809136920868308,0.07624407885319207,blue
1.9099634362121733,0.42456330122425473,blue
0.19784459541294663,-0.05826237294933123,blue
1.750158740902458,0.010050426798144052,blue
1.7475269685609882,-0.09524466431494372,blue
1.7212798466108947,-0.10579805112744911,blue
0.6294000887328823,-0.4105161632776916,blue
1.1587981985630695,-0.5058882191877834,blue
1.666003664310118,-0.23024813382676723,blue
0.0647416483220209,0.29379975392628094,blue
1.3205970020638946,-0.42717102190546064,blue
1.5382066682579834,-0.3549896848892169,blue
0.9872078381925845,-0.5293772500020775,blue
2.031494090909665,0.13584128088432768,blue
2.0099952083075188,-0.0832672527917725,blue
2.050015580079419,0.16699628196233818,blue
1.8194534399310927,-0.07210245173232732,blue
1.4983000039933287,-0.29066266272718855,blue
1.9676117928943087,0.38734663805765146,blue
0.467664218917196,-0.3629918972016214,blue
1.9673266957734121,0.42312257442705214,blue
0.35362802700650076,-0.23246382013663824,blue
0.14168784055619887,-0.09636713819850629,blue
1.9081876624863432,0.11618015759739808,blue
1.9272408594535904,0.06962035997025595,blue
0.29566769255005787,-0.18744547567011227,blue
0.6507508803132089,-0.28523959024616596,blue
0.2244328933525086,0.1300457379773759,blue
0.15942943673126397,-0.08907145957660845,blue
0.580024557603707,-0.4005398928410482,blue
0.11608374918054598,0.011777886857063324,blue
0.08317928334715707,0.054580175491590055,blue
0.4964011220343907,-0.3814304267169659,blue
1.807954657410114,-0.0830634756291928,blue
2.0075676795342567,0.0856814020809138,blue
0.3515386878950797,-0.28057495143927713,blue
1.9887624963551793,0.2633333141957699,blue
0.03635105472667355,0.48163397902370203,blue
0.4577469944685454,-0.24192204011659857,blue
1.3070916268908697,-0.6100746595315509,blue
2.000636174790147,0.1585667188423534,blue
1.9546377373324768,0.14839829585995823,blue
1.750527932726974,-0.13560299982565505,blue
0.7516866241407171,-0.5134790346522975,blue
1.9106071361383066,0.1823636365833683,blue
-0.046423565243524534,0.4256470131782336,blue
-0.09558883214572877,0.35946430801144047,blue
1.5524420032331459,-0.326840695260856,blue
0.08710969900546717,-0.12867482677889552,blue
1.981340693712438,0.48595839577019734,blue
1.080973443277033,-0.37156780965149894,blue
0.04769331237589469,0.040141174696798065,blue
1.9826683339413744,0.357662597581209,blue
0.4036968413278704,-0.373872666566491,blue
0.4149417181684074,-0.21201269568539027,blue
0.11592079926988974,0.1107390137285893,blue
2.038267148006316,0.1551912114512637,blue
1.7526550248406148,-0.18939482052303092,blue
1.8755717222400785,-0.17375251066002684,blue
0.7211943785392513,-0.4145354412359592,blue
1.4520520386621665,-0.574061432403201,blue
1.6638808339957438,-0.4504787402419699,blue
2.051673963055241,0.45122175680905874,blue
1.1742520733574628,-0.4956081633310545,blue
0.321642039077378,-0.2755561476390801,blue
0.001827390180875077,0.10600233855413571,blue
0.26397313587478866,-0.20276788569083237,blue
0.027364889731684938,0.42218453469063855,blue
0.16485074389072474,0.09508133711865657,blue
1.030461938595319,-0.3474580262372716,blue
0.020775795758150806,0.4836375394795192,blue
0.18274703107728374,0.24591626554634083,blue
0.022814911541168992,0.34532201347686703,blue
1.094221366134716,-0.6053067767726414,blue
0.007901502525364812,0.42350443182608094,blue
1.022989990946312,-0.4336837785543842,blue
1.3331030620989652,-0.4047789288688204,blue
0.2823687423818275,-0.11172856868730807,blue
2.085973937404015,0.22974495093758768,blue
1.951933130812502,0.4367318505917754,blue
1.8502482705937027,0.2938763862475916,blue
2.125196397747236,0.15010566005425258,blue
0.044625623071697484,0.2534840533969993,blue
0.5115843168072758,-0.30129551170388624,blue
0.31180746405216275,-0.22639076272552872,blue
0.19487707590457426,-0.06473087922648202,blue
1.2664968012456561,-0.49788066786960894,blue
1.8594211290628286,0.011391614133421879,blue
1.7730888802596152,0.14651608963316498,blue
0.24179004977414797,-0.13258200131893028,blue
0.5891084608782875,-0.4793244355926112,blue
1.7752114366081113,-0.07025529361320659,blue
1.793229768828562,-0.18940920234855496,blue
1.9799811003654064,0.08024812742660359,blue
-0.034010015034585894,0.1794897986827217,blue
0.13181995708237437,0.17382115000329723,blue
1.679121350587171,-0.14219631382771103,blue
1.651858266010247,-0.2603796822580736,blue
1.7470910632816716,0.0483500039961538,blue
1.9116360287930185,0.3469932720827379,blue
2.0183570496284107,0.4288999781984293,blue
1.0063418452750363,-0.3540499021487973,blue
1.7427655033359042,0.0386918331756439,blue
0.6386910813373035,-0.4706173354063101,blue
1.793565548636685,0.10482755292695939,blue
1.7905886060667378,-0.38720115602360583,blue
1.144699294427907,-0.4172799669879438,blue
0.5901982592649639,-0.3283024175696002,blue
1.7890117340718632,0.06575422359594219,blue
1.7088051437114218,-0.201633326598062,blue
1.2991435080901257,-0.4380366708752603,blue
1.2442291553173264,-0.4962730990171398,blue
0.1394245086320517,0.028795544957340657,blue
1.1570726957045119,-0.5514059897926022,blue
0.16999220439360962,-0.025315508717531965,blue
0.1887626912623721,-0.035945307855629216,blue
0.7445958032428315,-0.4817678812950822,blue
1.8295158593130993,0.2683731517059148,blue
1.16172369718607,-0.4056105069807513,blue
1.4350032247346762,-0.529512650497685,blue
1.0564275097748852,-0.3718677139699401,blue
0.380782225902237,-0.36056425712244633,blue
0.2945645175963424,0.06079493334869718,blue
1.8760638466204866,0.37107379043682476,blue
0.75162477254697,-0.4099268992715255,blue
1.0506131806269952,-0.526638701836134,blue
0.47516656126417955,-0.3365006766656292,blue
1.0660343114918354,-0.5231983087629573,blue
1.9419938695572643,0.3138384904788639,blue
1.625250499490893,-0.2626717902620752,blue
1.717508625331723,-0.19648334471804507,blue
1.9628819261362125,0.04728677079658988,blue
2.0791752336999894,0.20472761054929772,blue
